名称,网址,主分类,全部分类,简介,MCNav详情页
Bedrock Wiki,https://wiki.bedrock.dev/,百科,百科,一个技术基岩的知识分享网站，包含文档、教程和一般的操作信息。,https://www.mcnav.net/sites/608.html
DigMinecraft,https://www.digminecraft.com/,百科,百科,一个强大的MC百科平台,https://www.mcnav.net/sites/1587.html
MCBE 官方创作者文档,https://learn.microsoft.com/minecraft/creator/?view=minecraft-bedrock-stable,百科,百科,微软官方MCBE创作者文档,https://www.mcnav.net/sites/1648.html
MCID,http://mcid.lingningyu.cn/,百科,百科,查询方块的各个版本的ID,https://www.mcnav.net/sites/2112.html
MCMOD,https://www.mcmod.cn/,百科,百科,Minecraft中文Mod百科,https://www.mcnav.net/sites/54.html
MC都市传说百科,https://minecraftcreepypasta.fandom.com/wiki/Category:Browse,百科,百科,MC阴间玩意儿大合集,https://www.mcnav.net/sites/2471.html
Minecraft Parkour Wiki,https://www.mcpk.wiki/wiki/Main_Page/zh,百科,百科,一个记录 Minecraft 跑酷知识以及玩家运动机制的 wiki,https://www.mcnav.net/sites/1815.html
Minecraft Wiki,https://zh.minecraft.wiki/,百科,百科,最大的 Minecraft Wiki,https://www.mcnav.net/sites/58.html
Minecraft插件百科,https://mineplugin.org/,百科,百科,服务器插件百科Wiki,https://www.mcnav.net/sites/84.html
NitWikit 笨蛋文档,https://nitwikit.8aka.org,百科,百科,详细且全面的开服教程,https://www.mcnav.net/sites/2528.html
基岩版开发Wiki,https://wiki.mcbe-dev.net/,百科,百科,Minecraft基岩版开发WIki,https://www.mcnav.net/sites/72.html
我的世界玩家WIKI,https://wiki.biligame.com/mcplayer/,百科,百科,Bilibili玩家攻略WIKI,https://www.mcnav.net/sites/146.html
2M短域名,https://2m.pub,在线工具,在线工具、工具类,公益、免费、简单的Minecraft短域名获取工具,https://www.mcnav.net/sites/688.html
3D Minecraft 风格 Logo 生成,https://3dtext.easecation.net/,在线工具,在线工具、工具类,3D Minecraft 风格 Logo 生成,https://www.mcnav.net/sites/2545.html
3D像素文字,http://3dtext.easecation.net/,在线工具,在线工具、工具类,能够生成MC像素风的文字,https://www.mcnav.net/sites/3313.html
ArmorTrims,https://armortrims.com/,在线工具,在线工具、工具类,盔甲纹饰预览,https://www.mcnav.net/sites/1466.html
Aternos 免费服务器,https://aternos.org/:zh-CN/,在线工具,在线工具、工具类,一个制作服务器的服务器，有点卡，只有性能好的人才能承受,https://www.mcnav.net/sites/938.html
BedRock Dev,https://bedrock.dev/,在线工具,在线工具、工具类,一个简洁好用的Minecraft基岩版中文文档站,https://www.mcnav.net/sites/601.html
BlackBE,https://blackbe.work/,在线工具,在线工具、工具类,我的世界基岩版云黑系统,https://www.mcnav.net/sites/63.html
Blosd,https://bloxd.io/,在线工具,在线工具、工具类,Minecraft在线小游戏集合,https://www.mcnav.net/sites/2715.html
Celestia Skin,https://celestia.skin,在线工具,在线工具、工具类,四年历史的皮肤站，长期运营，快如闪电！,https://www.mcnav.net/sites/1918.html
ChunkBase,https://www.chunkbase.com/apps/,在线工具,在线工具、工具类,区块查询/种子地图,https://www.mcnav.net/sites/260.html
Code.org Minecraft,https://code.org/minecraft,在线工具,在线工具、工具类,海外MC可视化编程平台,https://www.mcnav.net/sites/1582.html
Colorize FUN,https://colorize.fun/minecraft,在线工具,在线工具、工具类,Minecraft像素风格多彩文本生成器,https://www.mcnav.net/sites/533.html
Custom Totem Skin,https://spea.cc/totem/,在线工具,在线工具、工具类,一个制作不死图腾材质包的网站,https://www.mcnav.net/sites/2624.html
GMCT 我的世界命令生成器,https://wowomc.com/tools/gmct,在线工具,在线工具、工具类,甘小蔗我的世界命令生成器,https://www.mcnav.net/sites/2462.html
GameGeeks,https://www.gamergeeks.net/apps/minecraft,在线工具,在线工具、工具类,一个有很多实用工具的minecraft站,https://www.mcnav.net/sites/1326.html
GetBukkit,https://getbukkit.org/,在线工具,在线工具、工具类,快捷获取Bukkit及Spigot,https://www.mcnav.net/sites/107.html
HelloSkin皮肤站,https://helloskin.cn,在线工具,在线工具、工具类,免费、快捷的MC皮肤站,https://www.mcnav.net/sites/1856.html
KerMC1.21.5+成书生成器,https://zker.top/pages/mcbook,在线工具,在线工具、工具类,可以方便的让玩家和管理员0代码生成带有颜色、粗体等格式化字体的成书，UI美观，操作方便,https://www.mcnav.net/sites/2953.html
LittleSkin,https://littleskin.cn/?ref=mcnav,在线工具,在线工具、工具类,知名老牌皮肤站，海量皮肤和披风,https://www.mcnav.net/sites/113.html
MC Armor Trim Generator,https://minetrim.com/,在线工具,在线工具、工具类,轻松预览并设计你的盔甲纹饰,https://www.mcnav.net/sites/2960.html
MC Map Item Tool,https://mc-map.djfun.de/#,在线工具,在线工具、工具类,您在 Minecraft 地图项目上拥有自己的图像？只需使用这个工具。,https://www.mcnav.net/sites/1701.html
MC Map Item Tool,https://mc-map.djfun.de/,在线工具,在线工具、工具类,通过地图来实现在我的世界中的自定义图片！,https://www.mcnav.net/sites/922.html
MC 服务器状态查询,https://motd.minebbs.com/,在线工具,在线工具、工具类,一个强大的Minecrft服务器状态查询工具站,https://www.mcnav.net/sites/2897.html
MCBEID表,https://ca.projectxero.top/idlist/,在线工具,在线工具、工具类,一款可以查询 Minecraft 基岩版命令相关ID的网站,https://www.mcnav.net/sites/899.html
MCCAG,https://mccag.cn/,在线工具,在线工具、工具类,轻松制作出可爱的MC头像,https://www.mcnav.net/sites/2365.html
MCJS 网页版 MC 中文优化版,https://mcjs.cc/,在线工具,在线工具、工具类,在临时电脑上快速体验 MC 中文版，不用下载直接玩！,https://www.mcnav.net/sites/2846.html
MCRMB,http://www.mcrmb.com/,在线工具,在线工具、工具类,自动处理服务器捐助,https://www.mcnav.net/sites/192.html
MCUUID,https://mcuuid.net,在线工具,在线工具、工具类,查找、转换和解析 Minecraft 用户名和 UUID 的最简单方式！,https://www.mcnav.net/sites/1645.html
MC动图网,https://mcgif.cn/,在线工具,在线工具、工具类,输入id让你的皮肤动起来,https://www.mcnav.net/sites/2969.html
MapartCraft,https://rebane2001.com/mapartcraft/zh-Hans,在线工具,在线工具、工具类,像素画生成器,https://www.mcnav.net/sites/749.html
McIcons,https://mcicons.ccleaf.com,在线工具,在线工具、工具类,minecraft图像下载网站,https://www.mcnav.net/sites/2692.html
McSounds,http://o.xbottle.top/mcsounds/,在线工具,在线工具、工具类,丰富的MC音效在线收听！,https://www.mcnav.net/sites/1631.html
Microsoft MakeCode for Minecraft,https://minecraft.makecode.com/,在线工具,在线工具、工具类,微软MakeCode项目的MC版，代码制作器,https://www.mcnav.net/sites/477.html
Minecraft Heads,https://minecraft-heads.com/,在线工具,在线工具、工具类,MC装饰头颅收集站,https://www.mcnav.net/sites/452.html
Minecraft PFP,https://www.minecraftpfp.com/,在线工具,在线工具、工具类,一个开源的MC像素头像生成器,https://www.mcnav.net/sites/2518.html
Minecraft Search,https://minecraftsearch.com,在线工具,在线工具、工具类,一个拥有各种功能的MC检索网站！,https://www.mcnav.net/sites/3319.html
Minecraft Server Status,https://mcstatus.io/,在线工具,在线工具、工具类,快速获取任何Minecraft服务器的状态,https://www.mcnav.net/sites/2198.html
Minecraft Servers,https://minecraftservers.org/,在线工具,在线工具、工具类,国外较为有名的服务器列表站,https://www.mcnav.net/sites/454.html
Minecraft Skin Editor,https://minecraft-skin-editor.com/cn/,在线工具,在线工具、工具类,简洁易用的在线皮肤编辑器！,https://www.mcnav.net/sites/1071.html
Minecraft Skin Search,https://mcskinsearch.com/,在线工具,在线工具、工具类,一个根据用户名查询皮肤的网站,https://www.mcnav.net/sites/627.html
Minecraft Skins,https://mcskins.top/,在线工具,在线工具、工具类,有着丰富的皮肤资源，以及一些使用的皮肤工具,https://www.mcnav.net/sites/2622.html
Minecraft 世界纪录,https://recordsetter.com/minecraft-world-records/,在线工具,在线工具、工具类,记录我的世界奇葩世界纪录,https://www.mcnav.net/sites/3023.html
MinecraftTools,https://minecraft.tools/,在线工具,在线工具、工具类,各种MC工具合集,https://www.mcnav.net/sites/119.html
Minecraft艺术,https://mcpixelart.com/,在线工具,在线工具、工具类,为你快速生成各种MC艺术作品,https://www.mcnav.net/sites/2650.html
Minotar,https://minotar.net/,在线工具,在线工具、工具类,非常快速和简单的 Minecraft 头像 API,https://www.mcnav.net/sites/1126.html
NameMC,https://namemc.com/,在线工具,在线工具、工具类,用户名历史皮肤查询,https://www.mcnav.net/sites/109.html
NovaSkin,http://minecraft.novaskin.me/wallpapers,在线工具,在线工具、工具类,自定义皮肤生成壁纸,https://www.mcnav.net/sites/116.html
PHAR 在线存档,https://phar.scer.io/,在线工具,在线工具、工具类,在线phar打包解包服务,https://www.mcnav.net/sites/389.html
Pixilart,https://www.pixilart.com/,在线工具,在线工具、工具类,在线像素画工具,https://www.mcnav.net/sites/228.html
PocketMine Tools,https://pmt.nathfreder.dev/,在线工具,在线工具、工具类,支持打包解包、API注入、Poggit检索等各种各样PM功能！,https://www.mcnav.net/sites/536.html
Seed Map Viewer,https://mcseedmap.net/,在线工具,在线工具、工具类,在线Minecraft种子地图查看器和种子查找器,https://www.mcnav.net/sites/2661.html
Seeder,https://www.mcseeder.com/,在线工具,在线工具、工具类,快速查询种子地图/结构位置,https://www.mcnav.net/sites/1311.html
SkinMC,https://skinmc.net/,在线工具,在线工具、工具类,我的世界皮肤检索平台,https://www.mcnav.net/sites/1572.html
Spritecraft,https://autosaved.org/Spritecraft,在线工具,在线工具、工具类,生成像素画,https://www.mcnav.net/sites/860.html
TDoGMC 皮肤编辑器,https://studio.tdogmc.cn/,在线工具,在线工具、工具类,致力于提供高效专业的皮肤创作体验,https://www.mcnav.net/sites/3027.html
TextCraft,https://textcraft.net/,在线工具,在线工具、工具类,MC风格文字Logo生成网站,https://www.mcnav.net/sites/66.html
UUID生成器,https://uuid.yunser.com/gen/,在线工具,在线工具、工具类,一款简单好用的UUID 生成器。,https://www.mcnav.net/sites/917.html
WebMC,https://goro.top/WebMC/,在线工具,在线工具、工具类,是用浏览器游玩网页版MC,https://www.mcnav.net/sites/1562.html
Webmc Launcher,https://webmc.xyz,在线工具,在线工具、工具类,简洁好用的网页版MC,https://www.mcnav.net/sites/2756.html
flags.sh,http://flags.sh.cn,在线工具,在线工具、工具类,Java 版服务器生成启动脚本,https://www.mcnav.net/sites/1239.html
mclo.gs MC日志分析,https://mclo.gs/,在线工具,在线工具、工具类,快速分析你的各类MC错误日志！,https://www.mcnav.net/sites/2827.html
sandclocks,https://www.sandclocks.cn,在线工具,在线工具、工具类,一个自制数据包的网站,https://www.mcnav.net/sites/1780.html
史莱姆区块查找,https://mclt.cn/,在线工具,在线工具、工具类,还在为找不到史莱姆区块烦恼？这个网站为你解决问题!,https://www.mcnav.net/sites/921.html
我的世界服务器查询网,https://list.mczfw.cn,在线工具,在线工具、工具类,我的世界服务器查询网，是Minecraft服务器状态查询网站，这里可以查询到来自全球各地大部分我的世,https://www.mcnav.net/sites/1869.html
方块字标志牌生成器,https://kqakqakqa.github.io/utf-block-sign-art/,在线工具,在线工具、工具类,为告示牌文字生成较大的字体,https://www.mcnav.net/sites/2192.html
红河素材下载站,https://honghemc.cn/,在线工具,在线工具、工具类,Minecraft各种素材下载！,https://www.mcnav.net/sites/3241.html
红石皮肤站,https://mcskin.com.cn/,在线工具,在线工具、工具类,一个免费、自由的Minecraft皮肤站。五年历史，稳定可靠！,https://www.mcnav.net/sites/2408.html
9Minecraft,https://www.9minecraft.net/,资源,资源,国外的Minecraft免费资源网站,https://www.mcnav.net/sites/1062.html
AXDA 插件平台,https://axda.net/,资源,资源,Nukkit插件平台,https://www.mcnav.net/sites/2632.html
AquaSource &#8211; 甘泉,https://mc.mcscode.com,资源,资源,Minecraft版本库、联机软件、社区资源网页端,https://www.mcnav.net/sites/2908.html
AtomResource,https://res.nullatom.com/,资源,资源,一个轻量资源下载站,https://www.mcnav.net/sites/847.html
BBSMC,https://bbsmc.net,资源,资源,我的世界资源社区,https://www.mcnav.net/sites/2787.html
Block Models,https://blockmodels.com/,资源,资源,一个可以上传，分享和推广你的Minecraft方块模型的网站。,https://www.mcnav.net/sites/602.html
BolckMinecraft,https://www.blockminecraft.com/,资源,资源,MCJE资源分享网站,https://www.mcnav.net/sites/327.html
CurseForge,https://www.curseforge.com/minecraft/,资源,资源,Minecraft模组分享站,https://www.mcnav.net/sites/75.html
For-Minecraft,https://for-minecraft.com/,资源,资源,一个海外MC资源站,https://www.mcnav.net/sites/289.html
Geyser 间歇泉,https://geysermc.org/,资源,资源,允许 Minecraft 基岩版中的客户端加入您的 Minecraft Java 服务器,https://www.mcnav.net/sites/646.html
Github-Minecraft 话题,https://github.com/topics/minecraft,资源,资源,Github的Minecraft标签,https://www.mcnav.net/sites/374.html
Luna HD,https://www.lunahd.com,资源,资源,Luna HD 资源包官网,https://www.mcnav.net/sites/2361.html
MCModels,https://mcmodels.net/,资源,资源,高质量模型资源网站,https://www.mcnav.net/sites/1834.html
MCPE-Planet,https://mcpe-planet.com/,资源,资源,一个海外MCPE资源站,https://www.mcnav.net/sites/1046.html
MCPEDL,https://mcpedl.com/,资源,资源,基岩版游戏资源站,https://www.mcnav.net/sites/87.html
MCVersions,https://mcversions.net/,资源,资源,适用于客户端/服务端的Java版MC核心,https://www.mcnav.net/sites/638.html
MC唱片集,https://mccd.xflink.top/,资源,资源,点击唱片探索Minecraft的音乐世界,https://www.mcnav.net/sites/3349.html
MC藏宝阁,https://mcbank.charhoo.cn,资源,资源,b站up开发的资源网站,https://www.mcnav.net/sites/2660.html
MGC 中文图形站,https://minegraph.cn/,资源,资源,共同探索MC图形学的无限可能。,https://www.mcnav.net/sites/2033.html
MGC中文图形站,https://minegraph.cn/,资源,资源,共同探索MC图形学的无限可能。,https://www.mcnav.net/sites/2643.html
Minecraft Maps,https://www.minecraftmaps.com/,资源,资源,地图资源网站,https://www.mcnav.net/sites/649.html
Minecraft Polska,https://minecraft.org.pl/,资源,资源,具有 Minecraft 资源和新闻的国外站点,https://www.mcnav.net/sites/1386.html
Minecraft Schematics,https://www.minecraft-schematics.com/,资源,资源,Minecraft 创世神蓝图文件大全,https://www.mcnav.net/sites/748.html
Minecraft Shaders,https://minecraftshader.com/,资源,资源,是一个海外着色器评论、教程、更新和下载站点,https://www.mcnav.net/sites/1100.html
Minecraft for Windows 版本库,https://www.mcappx.com,资源,资源,Minecraft Windows 基岩版全版本下载站,https://www.mcnav.net/sites/1089.html
Minecraft 版本库,https://mcarc.gitee.io,资源,资源,Minecraft 基岩版全版本下载站,https://www.mcnav.net/sites/630.html
MinecraftCapes,https://minecraftcapes.net/,资源,资源,免费披风斗篷站,https://www.mcnav.net/sites/323.html
MinecraftYard,https://www.minecraftyard.com/,资源,资源,Minecraft mod和资源包下载站,https://www.mcnav.net/sites/586.html
Minecraft中文下载站,https://oss.minecraftxz.com/,资源,资源,我的世界中文资源下载站,https://www.mcnav.net/sites/90.html
Modpack Index,https://www.modpackindex.com/,资源,资源,一个简约强大的模组包索引网站,https://www.mcnav.net/sites/1640.html
Modrinth,https://modrinth.com,资源,资源,Java版模组分享站,https://www.mcnav.net/sites/853.html
PVPRP,https://pvprp.com/,资源,资源,一个简约大方的PVP材质资源网,https://www.mcnav.net/sites/2582.html
Planet Minecraft,https://www.planetminecraft.com/,资源,资源,MC游戏资源分享站,https://www.mcnav.net/sites/81.html
RedenMC,https://redenmc.com/,资源,资源,在线生成世吞等各种机器,https://www.mcnav.net/sites/2099.html
Redstone Games,https://www.redstonegames.com.br/,资源,资源,Minecraft Java、基岩版。资源包、模组、着色器、数据包,https://www.mcnav.net/sites/1698.html
Resource-Packs,https://www.resource-packs.com/,资源,资源,非常强大的材质资源网站！,https://www.mcnav.net/sites/1092.html
ResourcePack,https://resourcepack.net/,资源,资源,丰富的资源包列表,https://www.mcnav.net/sites/253.html
Resourcepacks24,https://resourcepacks24.de/,资源,资源,Minecraft材质包,https://www.mcnav.net/sites/1007.html
Shader Packs,https://shadersmods.com/category/shaderpacks/,资源,资源,一个光影网站,https://www.mcnav.net/sites/908.html
TITAIKE,https://www.titaike.cn,资源,资源,整合及翻译国内外基岩版地图,https://www.mcnav.net/sites/191.html
Texture Packs,https://texture-packs.com/,资源,资源,丰富的纹理包资源分享站,https://www.mcnav.net/sites/1038.html
像素茶艺地图站,https://pixelmap.minegraph.cn,资源,资源,简洁易用的MC地图资源站,https://www.mcnav.net/sites/2186.html
公共蓝图库,https://www.mcschematic.top/,资源,资源,公共蓝图存储站,https://www.mcnav.net/sites/2629.html
我的世界下载站,https://www.9minecraft.cn/,资源,资源,我的世界下载站,https://www.mcnav.net/sites/2489.html
我的世界中文站,https://www.minecraftzw.com/,资源,资源,又一个MC中文资源站,https://www.mcnav.net/sites/284.html
投影工坊,https://www.mcimg.com/,资源,资源,里面有很多生电使用的机器,https://www.mcnav.net/sites/2560.html
红石中继站,https://www.mczwlt.net,资源,资源,一个简洁轻快的Minecraft资源社区,https://www.mcnav.net/sites/2537.html
ATLauncher,https://atlauncher.com/,启动器,启动器、工具类,Minecraft 的 Modpack 启动器,https://www.mcnav.net/sites/1726.html
Alicorn 全能 MC 启动器,https://alc.pages.dev/,启动器,启动器、工具类,性能出众、性情温和、性格活泼的下一代启动器，你想要启动、安装、创作、获取些什么，核心、模组、整合包，,https://www.mcnav.net/sites/2963.html
BMCL,https://www.mcbbs.net/thread-137254-1-1.html,启动器,启动器、工具类,bangbang93's minecraft launcher,https://www.mcnav.net/sites/215.html
Badlion,https://www.badlion.net/,启动器,启动器、工具类,我的世界知名Mod客户端,https://www.mcnav.net/sites/1172.html
BakaXL,https://www.bakaxl.com/,启动器,启动器、工具类,新一代丧病启动器,https://www.mcnav.net/sites/154.html
Bedrock Launcher Lite,https://bedrocklauncher.github.io/,启动器,启动器、工具类,一个支持全基岩版的我的世界启动器,https://www.mcnav.net/sites/1482.html
ColorMC 启动器,https://www.colormc.top/,启动器,启动器、工具类,开源免费的 MC 启动器,https://www.mcnav.net/sites/2923.html
FPSMaster,https://fpsmaster.top/,启动器,启动器、工具类,免费，简洁，好用的PVP客户端,https://www.mcnav.net/sites/1845.html
FSM3,https://fsmlauncher.github.io/,启动器,启动器、工具类,C#编写的多功能启动器,https://www.mcnav.net/sites/257.html
Feather Client,https://feathermc.com/,启动器,启动器、工具类,拥有Forge的pvp客户端,https://www.mcnav.net/sites/1934.html
Fold Craft Launcher 手机MC启动器,https://fcl-team.github.io/index.html,启动器,启动器、工具类,Android平台的Java版MC启动器,https://www.mcnav.net/sites/1955.html
GDLauncher,https://gdlauncher.com/,启动器,启动器、工具类,GDLauncher 是一款简单但功能强大的 Minecraft 自定义启动器,https://www.mcnav.net/sites/2892.html
HMCL,https://github.com/huanghongxun/HMCL,启动器,启动器、工具类,Hello Minecraft! Launcher 一个强大的MC启动器,https://www.mcnav.net/sites/156.html
HML启动器,https://hml.xizh.cn/,启动器,启动器、工具类,"(HML启动器)是一个版本高速下载,自带联机等多功能我的世界启动器。",https://www.mcnav.net/sites/825.html
LabyMod Launcher,https://labymod.net/zh_Hans,启动器,启动器、工具类,将你的 Minecraft 体验提升到全新的水平！,https://www.mcnav.net/sites/1496.html
LauncherX,https://corona.studio/lx,启动器,启动器、工具类,功能强大、界面优美的下一代 MineCraft 启动器。,https://www.mcnav.net/sites/2666.html
LiquidBounce,https://liquidbounce.net/,启动器,启动器、工具类,水影客户端/模组官网,https://www.mcnav.net/sites/1583.html
LunarCilent,https://www.lunarclient.com/,启动器,启动器、工具类,知名Mod客户端,https://www.mcnav.net/sites/300.html
MCServerLauncher 2开服器,https://mcsl.com.cn,启动器,启动器、工具类,MCSL2开服器官网,https://www.mcnav.net/sites/1613.html
Multimc,https://multimc.org/,启动器,启动器、工具类,轻松管理 Minecraft 实例,https://www.mcnav.net/sites/743.html
Nsiso启动器,https://www.nsiso.com/launcher/index.html,启动器,启动器、工具类,一款高效的Minecraft启动器,https://www.mcnav.net/sites/895.html
PCL2 &#8211; Plain Craft Launcher 2 启动器,https://afdian.net/p/e5c821a4b1ab11eb879b52540025c377,启动器,启动器、工具类,下载极快的启动器,https://www.mcnav.net/sites/216.html
Pojav Launcher,https://github.com/PojavLauncherTeam/PojavLauncher,启动器,启动器、工具类,海外知名手机Java启动器,https://www.mcnav.net/sites/1490.html
Polymerium,https://github.com/d3ara1n/Polymerium,启动器,启动器、工具类,使用全新资源管理架构的启动器,https://www.mcnav.net/sites/2904.html
Prism Launcher,https://prismlauncher.org/,启动器,启动器、工具类,开源 Minecraft 启动器，能够管理多个实例、帐户和mod,https://www.mcnav.net/sites/1687.html
Salwyrr Launcher,https://www.salwyrr.com/,启动器,启动器、工具类,超强优化客户端启动器,https://www.mcnav.net/sites/1010.html
XMCL,https://xmcl.app/,启动器,启动器、工具类,一个方便你管理大量的模组、纹理包的的现代化启动器,https://www.mcnav.net/sites/873.html
燕子启动器,https://yzgzs.top/yzqdq,启动器,启动器、工具类,一款专注我的世界的游戏启动器,https://www.mcnav.net/sites/189.html
Bedrock Dedicated Server,https://www.minecraft.net/download/server/bedrock,服务端,服务端,官方全特性基岩服务端,https://www.mcnav.net/sites/306.html
Bukkit,https://bukkit.org/,服务端,服务端,创建服务端插件的API,https://www.mcnav.net/sites/95.html
Cuberite,https://cuberite.org/,服务端,服务端,一款轻量级、快速且可扩展的游戏服务器,https://www.mcnav.net/sites/1606.html
Fabric,https://fabricmc.net/,服务端,服务端,轻量的mod服务端,https://www.mcnav.net/sites/187.html
Forge社区,https://forums.minecraftforge.net/,服务端,服务端,Minecraft Forge 社区,https://www.mcnav.net/sites/74.html
Leaf,https://www.leafmc.one/zh/,服务端,服务端,高性能 Minecraft 服务端核心,https://www.mcnav.net/sites/2557.html
Leaves,https://leavesmc.org/,服务端,服务端,纯净，专为生电设计,https://www.mcnav.net/sites/1808.html
LeviLamina,https://levilamina.liteldev.com/,服务端,服务端,重量级的BDS插件加载器,https://www.mcnav.net/sites/554.html
LiteLoader,http://www.liteloader.com/,服务端,服务端,MC Java版轻量 Mod API,https://www.mcnav.net/sites/379.html
MohistMC,https://mohistmc.com/,服务端,服务端,墨端服务器核心，支持forge和paper,https://www.mcnav.net/sites/794.html
NeoForged,https://neoforged.net/,服务端,服务端,Forge的新兴分支,https://www.mcnav.net/sites/1547.html
Nukkit,https://cloudburstmc.org/articles/,服务端,服务端,高性能基岩版服务端,https://www.mcnav.net/sites/104.html
PMMP,https://pmmp.io/,服务端,服务端,经典的基岩版第三方服务端,https://www.mcnav.net/sites/103.html
PaperMC,https://papermc.io/,服务端,服务端,下一代JE服务端,https://www.mcnav.net/sites/243.html
PowerNukkit,https://powernukkit.org/,服务端,服务端,Nukkit分支服务端,https://www.mcnav.net/sites/450.html
Pufferfish,https://pufferfish.host/downloads,服务端,服务端,我的世界高版本（1.19.3这种）服务端核心，paper、purpur分支,https://www.mcnav.net/sites/1274.html
Purpur,https://purpurmc.org/,服务端,服务端,paper分支，新奇的服务端,https://www.mcnav.net/sites/1117.html
QuiltMC,https://quiltmc.org/,服务端,服务端,Fabric的分支，兼容Fabric模组的新兴加载器,https://www.mcnav.net/sites/1103.html
Spigot,https://www.spigotmc.org/,服务端,服务端,Bukkit的分支服务端,https://www.mcnav.net/sites/99.html
SpongePowered,https://www.spongepowered.org/,服务端,服务端,终极优化的Java版服务端,https://www.mcnav.net/sites/779.html
Amulate 世界编辑器,https://www.amuletmc.com/,实用软件,实用软件、工具类,新时代MC世界编辑、转换器,https://www.mcnav.net/sites/460.html
Blockbench,https://www.blockbench.net/,实用软件,实用软件、工具类,免费、强大的模型编辑软件！,https://www.mcnav.net/sites/1225.html
BlueMap,https://bluemap.bluecolored.de/,实用软件,实用软件、工具类,一种 Minecraft 映射工具，用于创建 Minecraft 世界的 3D 模型并将其显示在 Web 查看器中。,https://www.mcnav.net/sites/1636.html
Chunker,https://chunker.app/,实用软件,实用软件、工具类,强大的 Minecraft 世界转换器,https://www.mcnav.net/sites/858.html
Chunkoid,https://dozenesstudio.github.io/Chunkoid/,实用软件,实用软件、工具类,首个安卓端世界转换器,https://www.mcnav.net/sites/3279.html
Chunky 地图渲染器,https://chunky.lemaik.de/,实用软件,实用软件、工具类,Chunky 软件官网,https://www.mcnav.net/sites/750.html
Eaglercraft.ir 网页版MC,https://eaglercraft.ir/zh/,实用软件,实用软件、工具类,在浏览器里玩的Minecraft，还有离线版！,https://www.mcnav.net/sites/2941.html
HAL 联机工具,https://hal.xizh.cn,实用软件,实用软件、工具类,免费，开放接入，公益的联机模块,https://www.mcnav.net/sites/1822.html
Hamachi,https://hamachi.en.softonic.com/,实用软件,实用软件、工具类,组建虚拟局域网,https://www.mcnav.net/sites/237.html
Iris Shaders 开源光影模组,https://irisshaders.dev/,实用软件,实用软件、工具类,Iris官网,https://www.mcnav.net/sites/552.html
MCEdit,https://www.mcedit.net/,实用软件,实用软件、工具类,MC存档世界编辑器,https://www.mcnav.net/sites/296.html
MCSTools,https://docs.mcschematic.top/zh/,实用软件,实用软件、工具类,"功能强大的蓝图辅助工具，支持 香草结构 建筑小帮手 建筑投影 创世神,提供分割，转换，方块替换等功能",https://www.mcnav.net/sites/2760.html
MCSkinn Legacy,https://apps.microsoft.com/detail/9n8sjt329hh1?hl=zh-cn&gl=CN,实用软件,实用软件、工具类,适用于 Windows 的现代化 Minecraft 3D 皮肤管理器/编辑器,https://www.mcnav.net/sites/2536.html
MCreator,https://mcreator.net/,实用软件,实用软件、工具类,模组制作软件,https://www.mcnav.net/sites/230.html
Mine-imator,https://www.mineimator.com/,实用软件,实用软件、工具类,MC动画制作软件,https://www.mcnav.net/sites/232.html
MineBackup &#8211; 存档时光机,https://github.com/Leafuke/MineBackup,实用软件,实用软件、工具类,强大的存档备份及管理工具，以其丰富的功能和通用性著称,https://www.mcnav.net/sites/2879.html
Minecraft Server Launcher,https://www.mslmc.cn/,实用软件,实用软件、工具类,易用的MC开服器,https://www.mcnav.net/sites/1969.html
Minecraft 命令行客户端,https://mccteam.github.io/l10n/zh-Hans/,实用软件,实用软件、工具类,Minecraft虚拟玩家(Fake Player)客户端,https://www.mcnav.net/sites/1693.html
Mod Manager,https://github.com/kaniol-lck/modmanager,实用软件,实用软件、工具类,一个基于Qt的Minecraft Mod管理器，可以管理、更新与下载Mod。,https://www.mcnav.net/sites/578.html
NatGo 端口映射,https://www.natgo.cn/,实用软件,实用软件、工具类,免费且不报毒的内网穿透,https://www.mcnav.net/sites/2566.html
OPENNBS,https://opennbs.org/,实用软件,实用软件、工具类,开源nbs音乐编辑,https://www.mcnav.net/sites/245.html
OpenFrp 开放映射,https://www.openfrp.net,实用软件,实用软件、工具类,免费开放、高效便捷的内网穿透工具,https://www.mcnav.net/sites/656.html
OptFine,https://optifine.net/,实用软件,实用软件、工具类,MC显示优化模组,https://www.mcnav.net/sites/381.html
Panda Frp,https://tryzth.com/,实用软件,实用软件、工具类,免费的Frp内网穿透,https://www.mcnav.net/sites/561.html
Radmin LAN,https://www.radmin.com/,实用软件,实用软件、工具类,类似hamachi的虚拟局域网软件,https://www.mcnav.net/sites/715.html
Replay Mod 录像回放,https://www.replaymod.com/,实用软件,实用软件、工具类,一个 Minecraft Mod，用于记录、重温和分享您的体验。,https://www.mcnav.net/sites/1584.html
Sakura Frp,https://www.natfrp.com/,实用软件,实用软件、工具类,好用的内网穿透,https://www.mcnav.net/sites/229.html
ServerPackCreator,https://serverpackcreator.de/#/,实用软件,实用软件、工具类,快速轻松地生成您最喜欢的 Minecraft 整合包的服务器包,https://www.mcnav.net/sites/2214.html
Universal Minecraft Tool,https://www.universalminecraftconverter.com/,实用软件,实用软件、工具类,转换和编辑 Minecraft 世界,https://www.mcnav.net/sites/580.html
World Machine 进阶3D地形生成器,https://www.so.com/link?m=uVqcDLS1jSNNX6kQYJg%2Bmn4l9xrFTkbCd82Xb3LVqE6Hr9K1X1JnqJ1%2F8PJFZ2pu8ODGr6MQ1%2BlvxIwMrJ4maI0kqK8Pp4B3X%2BbL8Omv0WC9sOgv0NZBTL1NhtyhAS1glSYrzoNSQj9wCzd7R,实用软件,实用软件、工具类,进阶版Minecraft地形编辑器,https://www.mcnav.net/sites/2187.html
WorldPainter,https://www.worldpainter.net/,实用软件,实用软件、工具类,MC地形制作软件,https://www.mcnav.net/sites/1685.html
EMSLuncher,https://www.easilymc.fun/,面板,面板、工具类,简单易用的 Minecraft 服务器启动器,https://www.mcnav.net/sites/2777.html
MCSManager,http://mcsmanager.com/,面板,面板、工具类,优秀的服务端面板,https://www.mcnav.net/sites/197.html
MSLX 开服器,https://mslx.mslmc.cn,面板,面板、工具类,新一款MC开服面板，开服超简单，管理超方便！,https://www.mcnav.net/sites/3012.html
Multicraft,https://multicraft.org/,面板,面板、工具类,强大的服务器面版,https://www.mcnav.net/sites/199.html
Pterodactyl,https://pterodactyl.io/,面板,面板、工具类,强大开源安全免费的游戏面板,https://www.mcnav.net/sites/328.html
Serein,https://serein.cc/,面板,面板、工具类,新时代极简服务器面板,https://www.mcnav.net/sites/1439.html
BaLaLaBa工作室,https://balalaba.net/,工作室,工作室,Minecraft我的世界组件开发团队,https://www.mcnav.net/sites/1066.html
China Foxgirl Protection,https://cfpa.site,工作室,工作室,CFPA 知名模组/整合包汉化组,https://www.mcnav.net/sites/1576.html
Feed The Beast,https://www.feed-the-beast.com/,工作室,工作室,高质量的MC整合包团队,https://www.mcnav.net/sites/1811.html
GNwork,https://space.bilibili.com/403097853/?spm_id_from=333.999.0.0,工作室,工作室,体素创意团队 整活我们不一定是最专业的，但绝对是认真的！,https://www.mcnav.net/sites/2427.html
Hielke Maps,https://hielkemaps.com/,工作室,工作室,震惊！国外一男子竟建出超好玩的跑酷地图？,https://www.mcnav.net/sites/1277.html
McShare,https://www.mcshare.net/,工作室,工作室,McShare团队博客,https://www.mcnav.net/sites/47.html
Minecraft University Alliance,https://www.mualliance.cn/,工作室,工作室,MUA 中国Minecraft高校联盟,https://www.mcnav.net/sites/1491.html
Mineprogramming,https://mineprogramming.org/about/,工作室,工作室,每个想要对 Minecraft 进行编程的人的独特信息来源！,https://www.mcnav.net/sites/1667.html
TIS团队,https://space.bilibili.com/388405501,工作室,工作室,一个佛系但热爱的MC资源团队,https://www.mcnav.net/sites/1434.html
The RedPixel Team,https://theredpixelteam.com/,工作室,工作室,一个红石开发工作室,https://www.mcnav.net/sites/1032.html
上古之石,https://space.bilibili.com/9088251,工作室,工作室,专注于创作3D动态材质、建筑、皮肤和玩法的工作室,https://www.mcnav.net/sites/997.html
史诗工坊 EpicWork,https://space.bilibili.com/328513,工作室,工作室,我的世界知名建筑团队,https://www.mcnav.net/sites/992.html
国家建筑师 Cthuwork,https://weibo.com/Cthuwork,工作室,工作室,知名MC建筑团队服务器,https://www.mcnav.net/sites/145.html
太学 Taixue,https://space.bilibili.com/476720255,工作室,工作室,古建筑知识科普组织太学，探寻文化传承的更多可能,https://www.mcnav.net/sites/1003.html
心火计划,https://hfpro.top,工作室,工作室,一个关于 Minecraft 的计划,https://www.mcnav.net/sites/1985.html
新式创筑,https://innovacreation.art/,工作室,工作室,以数字孪生探寻建筑之美，让建筑焕发新生！,https://www.mcnav.net/sites/1000.html
星屹（CTN）工作室,https://www.ctnstudios.top,工作室,工作室,Minecraft资源工作室,https://www.mcnav.net/sites/1416.html
林氏创艺,https://www.linscraft.design/,工作室,工作室,以梦幻作品闻名的建筑团队,https://www.mcnav.net/sites/994.html
狸莓 CivetBerry,https://civetberry.cc/,工作室,工作室,Minecraft 服务器内容开发工作组,https://www.mcnav.net/sites/2641.html
联壁计划,https://barrierslink.cn,工作室,工作室,尽管我们无法打破壁垒，但我们可以作为连接的桥梁,https://www.mcnav.net/sites/1143.html
阿尔萨斯工业,https://www.alsace.team,工作室,工作室,我们的团队成员不仅仅是建筑师，更是创造者和梦想家,https://www.mcnav.net/sites/1850.html
CubeCraft,https://www.cubecraft.net/,服务器（暂停受理）,服务器（暂停受理）,优秀的MC服务器,https://www.mcnav.net/sites/111.html
Easyarea,https://www.easyareamc.net/,服务器（暂停受理）,服务器（暂停受理）,Easyarea基岩版服务器,https://www.mcnav.net/sites/384.html
FillAmeaPixel,https://www.fapixel.com,服务器（暂停受理）,服务器（暂停受理）,基岩高仿Hypixel小游戏服务器,https://www.mcnav.net/sites/174.html
Hypixel,https://hypixel.net/,服务器（暂停受理）,服务器（暂停受理）,知名的Java版小游戏服,https://www.mcnav.net/sites/105.html
IMC.RE | OnlineMC,http://ws.imc.re/,服务器（暂停受理）,服务器（暂停受理）,网页版MC,https://www.mcnav.net/sites/772.html
KFS服务器,https://hello.mckfs.com,服务器（暂停受理）,服务器（暂停受理）,一个风气良好的服务器～,https://www.mcnav.net/sites/543.html
LifeBoat,https://lbsg.net/,服务器（暂停受理）,服务器（暂停受理）,知名基岩游戏服,https://www.mcnav.net/sites/168.html
Losenone,https://www.losenone.cn/zh/,服务器（暂停受理）,服务器（暂停受理）,洛书南玩家社区,https://www.mcnav.net/sites/218.html
SMGoro Server,http://imc.re/,服务器（暂停受理）,服务器（暂停受理）,领先的MC互通服,https://www.mcnav.net/sites/209.html
SoTap,https://sotap.org/,服务器（暂停受理）,服务器（暂停受理）,优秀的正版服务器,https://www.mcnav.net/sites/166.html
The Hive,https://hivemc.com/,服务器（暂停受理）,服务器（暂停受理）,知名基岩小游戏服,https://www.mcnav.net/sites/169.html
我的世界找服网,https://www.fansmc.com/,服务器（暂停受理）,服务器（暂停受理）,一个海量服务器网站,https://www.mcnav.net/sites/513.html
花雨庭,http://www.mchyt.com/,服务器（暂停受理）,服务器（暂停受理）,我的世界知名小游戏服,https://www.mcnav.net/sites/140.html
MineBBS,https://www.minebbs.com/,社区,社区,我的世界中文论坛,https://www.mcnav.net/sites/35.html
Minecraft Forum,https://www.minecraftforum.net/,社区,社区,Minecraft原官方论坛,https://www.mcnav.net/sites/69.html
Minecraft-HK,https://www.minecraft-hk.com/,社区,社区,我的世界香港社区,https://www.mcnav.net/sites/221.html
Minecraft吧,https://tieba.baidu.com/minecraft,社区,社区,百度minecraft吧,https://www.mcnav.net/sites/92.html
我的世界教育版中文论坛,https://www.mceebbs.com,社区,社区,在课程中融入寓教于乐的体验，让学生乐“学”其中,https://www.mcnav.net/sites/151.html
苦力怕论坛 KLPBBS,https://klpbbs.com/,社区,社区,我的世界苦力怕论坛,https://www.mcnav.net/sites/48.html
FindMCServer,https://findmcserver.com/,官网,官网,官方Minecraft服务器列表,https://www.mcnav.net/sites/1637.html
Minecraft,https://www.minecraft.net/,官网,官网,Minecraft我的世界官方网站,https://www.mcnav.net/sites/46.html
Minecraft Classic,https://classic.minecraft.net,官网,官网,Cassic经典原始网页版Minecraft在线游戏,https://www.mcnav.net/sites/567.html
Mojang Jira,https://bugs.mojang.com/,官网,官网,Mojang官方Bug反馈/提交建议,https://www.mcnav.net/sites/122.html
网易我的世界,https://mc.163.com/,官网,官网,网易我的世界官网,https://www.mcnav.net/sites/53.html
