对比结果,名称(MCNav),网址(MCNav),名称(OhMyMC),网址(OhMyMC),MCNav分类,OhMyMC分类,说明
两站都收录,ATLauncher,https://atlauncher.com/,ATLauncher,https://atlauncher.com/,启动器、工具类,启动器,URL一致
两站都收录,Alicorn 全能 MC 启动器,https://alc.pages.dev/,Alicorn 全能 MC 启动器,https://alc.pages.dev/,启动器、工具类,启动器,URL一致
两站都收录,Badlion,https://www.badlion.net/,Badlion,https://www.badlion.net/,启动器、工具类,启动器,URL一致
两站都收录,BakaXL,https://www.bakaxl.com/,BakaXL,https://www.bakaxl.com/,启动器、工具类,启动器,URL一致
两站都收录,Bedrock Launcher Lite,https://bedrocklauncher.github.io/,Bedrock Launcher Lite,https://bedrocklauncher.github.io/,启动器、工具类,启动器,URL一致
两站都收录,ColorMC 启动器,https://www.colormc.top/,ColorMC 启动器,https://www.colormc.top/,启动器、工具类,启动器,URL一致
两站都收录,FPSMaster,https://fpsmaster.top/,FPSMaster,https://fpsmaster.top/,启动器、工具类,启动器,URL一致
两站都收录,FSM3,https://fsmlauncher.github.io/,FSM3,https://fsmlauncher.github.io/,启动器、工具类,启动器,URL一致
两站都收录,Feather Client,https://feathermc.com/,Feather Client,https://feathermc.com/,启动器、工具类,启动器,URL一致
两站都收录,Fold Craft Launcher 手机MC启动器,https://fcl-team.github.io/index.html,Fold Craft Launcher,https://fcl-team.github.io/index.html,启动器、工具类,启动器,URL一致
两站都收录,GDLauncher,https://gdlauncher.com/,GDLauncher,https://gdlauncher.com/,启动器、工具类,启动器,URL一致
两站都收录,LabyMod Launcher,https://labymod.net/zh_Hans,LabyMod Launcher,https://labymod.net/zh_Hans,启动器、工具类,启动器,URL一致
两站都收录,LauncherX,https://corona.studio/lx,LauncherX,https://corona.studio/lx,启动器、工具类,启动器,URL一致
两站都收录,LiquidBounce,https://liquidbounce.net/,LiquidBounce,https://liquidbounce.net/,启动器、工具类,启动器,URL一致
两站都收录,LunarCilent,https://www.lunarclient.com/,Lunar Client,https://www.lunarclient.com/,启动器、工具类,启动器,URL一致
两站都收录,MCServerLauncher 2开服器,https://mcsl.com.cn,MCServerLauncher 2 开服器,https://mcsl.com.cn,启动器、工具类,启动器,URL一致
两站都收录,Multimc,https://multimc.org/,MultiMC,https://multimc.org/,启动器、工具类,启动器,URL一致
两站都收录,Nsiso启动器,https://www.nsiso.com/launcher/index.html,Nsiso启动器,https://www.nsiso.com/launcher/index.html,启动器、工具类,启动器,URL一致
两站都收录,Pojav Launcher,https://github.com/PojavLauncherTeam/PojavLauncher,Pojav Launcher,https://github.com/PojavLauncherTeam/PojavLauncher,启动器、工具类,启动器,URL一致
两站都收录,Polymerium,https://github.com/d3ara1n/Polymerium,Polymerium,https://github.com/d3ara1n/Polymerium,启动器、工具类,启动器,URL一致
两站都收录,Prism Launcher,https://prismlauncher.org/,Prism Launcher,https://prismlauncher.org/,启动器、工具类,启动器,URL一致
两站都收录,Salwyrr Launcher,https://www.salwyrr.com/,Salwyrr Launcher,https://www.salwyrr.com/,启动器、工具类,启动器,URL一致
两站都收录,XMCL,https://xmcl.app/,XMCL,https://xmcl.app/,启动器、工具类,启动器,URL一致
两站都收录,3D Minecraft 风格 Logo 生成,https://3dtext.easecation.net/,3D Minecraft 风格 Logo 生成,https://3dtext.easecation.net/,在线工具、工具类,工具,URL一致
两站都收录,3D像素文字,http://3dtext.easecation.net/,3D Minecraft 风格 Logo 生成,https://3dtext.easecation.net/,在线工具、工具类,工具,URL一致
两站都收录,ArmorTrims,https://armortrims.com/,ArmorTrims,https://armortrims.com/,在线工具、工具类,工具,URL一致
两站都收录,Aternos 免费服务器,https://aternos.org/:zh-CN/,Aternos 免费服务器,https://aternos.org/:zh-CN/,在线工具、工具类,工具,URL一致
两站都收录,BedRock Dev,https://bedrock.dev/,BedRock Dev,https://bedrock.dev/,在线工具、工具类,工具,URL一致
两站都收录,BlackBE,https://blackbe.work/,BlackBE,https://blackbe.work/,在线工具、工具类,工具,URL一致
两站都收录,Blosd,https://bloxd.io/,Bloxd,https://bloxd.io/,在线工具、工具类,工具,URL一致
两站都收录,Celestia Skin,https://celestia.skin,Celestia Skin,https://celestia.skin,在线工具、工具类,工具,URL一致
两站都收录,Code.org Minecraft,https://code.org/minecraft,Code.org Minecraft,https://code.org/minecraft,在线工具、工具类,工具,URL一致
两站都收录,Colorize FUN,https://colorize.fun/minecraft,Colorize FUN,https://colorize.fun/minecraft,在线工具、工具类,工具,URL一致
两站都收录,Custom Totem Skin,https://spea.cc/totem/,Custom Totem Skin,https://spea.cc/totem/,在线工具、工具类,工具,URL一致
两站都收录,GMCT 我的世界命令生成器,https://wowomc.com/tools/gmct,GMCT 我的世界命令生成器,https://wowomc.com/tools/gmct,在线工具、工具类,工具,URL一致
两站都收录,GameGeeks,https://www.gamergeeks.net/apps/minecraft,GameGeeks,https://www.gamergeeks.net/apps/minecraft,在线工具、工具类,工具,URL一致
两站都收录,GetBukkit,https://getbukkit.org/,GetBukkit,https://getbukkit.org/,在线工具、工具类,工具,URL一致
两站都收录,HelloSkin皮肤站,https://helloskin.cn,HelloSkin皮肤站,https://helloskin.cn,在线工具、工具类,工具,URL一致
两站都收录,KerMC1.21.5+成书生成器,https://zker.top/pages/mcbook,KerMC1.21.5+成书生成器,https://zker.top/pages/mcbook,在线工具、工具类,工具,URL一致
两站都收录,MC Armor Trim Generator,https://minetrim.com/,MC Armor Trim Generator,https://minetrim.com/,在线工具、工具类,工具,URL一致
两站都收录,MC Map Item Tool,https://mc-map.djfun.de/#,MC Map Item Tool,https://mc-map.djfun.de/#,在线工具、工具类,工具,URL一致
两站都收录,MC Map Item Tool,https://mc-map.djfun.de/,MC Map Item Tool,https://mc-map.djfun.de/#,在线工具、工具类,工具,URL一致
两站都收录,MC 服务器状态查询,https://motd.minebbs.com/,MC 服务器状态查询,https://motd.minebbs.com/,在线工具、工具类,工具,URL一致
两站都收录,MCBEID表,https://ca.projectxero.top/idlist/,MCBEID表,https://ca.projectxero.top/idlist/,在线工具、工具类,工具,URL一致
两站都收录,MCCAG,https://mccag.cn/,MCCAG,https://mccag.cn/,在线工具、工具类,工具,URL一致
两站都收录,MCJS 网页版 MC 中文优化版,https://mcjs.cc/,MCJS 网页版 MC 中文优化版,https://mcjs.cc/,在线工具、工具类,工具,URL一致
两站都收录,MCRMB,http://www.mcrmb.com/,MCRMB,https://www.mcrmb.com/,在线工具、工具类,工具,URL一致
两站都收录,MCUUID,https://mcuuid.net,MCUUID,https://mcuuid.net,在线工具、工具类,工具,URL一致
两站都收录,MC动图网,https://mcgif.cn/,MC动图网,https://mcgif.cn/,在线工具、工具类,工具,URL一致
两站都收录,McIcons,https://mcicons.ccleaf.com,McIcons,https://mcicons.ccleaf.com,在线工具、工具类,工具,URL一致
两站都收录,McSounds,http://o.xbottle.top/mcsounds/,McSounds,https://o.xbottle.top/mcsounds/,在线工具、工具类,工具,URL一致
两站都收录,Microsoft MakeCode for Minecraft,https://minecraft.makecode.com/,Microsoft MakeCode for Minecraft,https://minecraft.makecode.com/,在线工具、工具类,工具,URL一致
两站都收录,Minecraft Heads,https://minecraft-heads.com/,Minecraft Heads,https://minecraft-heads.com/,在线工具、工具类,工具,URL一致
两站都收录,Minecraft PFP,https://www.minecraftpfp.com/,Minecraft PFP,https://www.minecraftpfp.com/,在线工具、工具类,工具,URL一致
两站都收录,Minecraft Server Status,https://mcstatus.io/,Minecraft Server Status,https://mcstatus.io/,在线工具、工具类,工具,URL一致
两站都收录,Minecraft Servers,https://minecraftservers.org/,Minecraft Servers,https://minecraftservers.org/,在线工具、工具类,工具,URL一致
两站都收录,Minecraft Skin Editor,https://minecraft-skin-editor.com/cn/,Minecraft Skin Editor,https://minecraft-skin-editor.com/cn/,在线工具、工具类,工具,URL一致
两站都收录,Minecraft Skin Search,https://mcskinsearch.com/,Minecraft Skin Search,https://mcskinsearch.com/,在线工具、工具类,工具,URL一致
两站都收录,Minecraft Skins,https://mcskins.top/,Minecraft Skins,https://mcskins.top/,在线工具、工具类,工具,URL一致
两站都收录,Minecraft 世界纪录,https://recordsetter.com/minecraft-world-records/,Minecraft 世界纪录,https://recordsetter.com/minecraft-world-records/,在线工具、工具类,工具,URL一致
两站都收录,MinecraftTools,https://minecraft.tools/,MinecraftTools,https://minecraft.tools/,在线工具、工具类,工具,URL一致
两站都收录,Minecraft艺术,https://mcpixelart.com/,Minecraft艺术,https://mcpixelart.com/,在线工具、工具类,工具,URL一致
两站都收录,Minotar,https://minotar.net/,Minotar,https://minotar.net/,在线工具、工具类,工具,URL一致
两站都收录,NameMC,https://namemc.com/,NameMC,https://namemc.com/,在线工具、工具类,工具,URL一致
两站都收录,NovaSkin,http://minecraft.novaskin.me/wallpapers,NovaSkin,https://minecraft.novaskin.me/wallpapers,在线工具、工具类,工具,URL一致
两站都收录,PHAR 在线存档,https://phar.scer.io/,PHAR 在线存档,https://phar.scer.io/,在线工具、工具类,工具,URL一致
两站都收录,Pixilart,https://www.pixilart.com/,Pixilart,https://www.pixilart.com/,在线工具、工具类,工具,URL一致
两站都收录,Seed Map Viewer,https://mcseedmap.net/,Seed Map Viewer,https://mcseedmap.net/,在线工具、工具类,工具,URL一致
两站都收录,Seeder,https://www.mcseeder.com/,Seeder,https://www.mcseeder.com/,在线工具、工具类,工具,URL一致
两站都收录,SkinMC,https://skinmc.net/,SkinMC,https://skinmc.net/,在线工具、工具类,工具,URL一致
两站都收录,Spritecraft,https://autosaved.org/Spritecraft,Spritecraft,https://autosaved.org/Spritecraft,在线工具、工具类,工具,URL一致
两站都收录,TextCraft,https://textcraft.net/,TextCraft,https://textcraft.net/,在线工具、工具类,工具,URL一致
两站都收录,UUID生成器,https://uuid.yunser.com/gen/,UUID生成器,https://uuid.yunser.com/gen/,在线工具、工具类,工具,URL一致
两站都收录,WebMC,https://goro.top/WebMC/,WebMC,https://goro.top/WebMC/,在线工具、工具类,工具,URL一致
两站都收录,Webmc Launcher,https://webmc.xyz,Webmc Launcher,https://webmc.xyz,在线工具、工具类,工具,URL一致
两站都收录,mclo.gs MC日志分析,https://mclo.gs/,mclo.gs,https://mclo.gs/,在线工具、工具类,工具,URL一致
两站都收录,我的世界服务器查询网,https://list.mczfw.cn,我的世界服务器查询网,https://list.mczfw.cn,在线工具、工具类,工具,URL一致
两站都收录,红石皮肤站,https://mcskin.com.cn/,红石皮肤站,https://mcskin.com.cn/,在线工具、工具类,工具,URL一致
两站都收录,FindMCServer,https://findmcserver.com/,FindMCServer,https://findmcserver.com/,官网,官方,URL一致
两站都收录,Minecraft,https://www.minecraft.net/,Minecraft 官方网站,https://www.minecraft.net/,官网,官方,URL一致
两站都收录,Minecraft Classic,https://classic.minecraft.net,Minecraft Classic,https://classic.minecraft.net/,官网,官方,URL一致
两站都收录,Mojang Jira,https://bugs.mojang.com/,Mojang Jira,https://bugs.mojang.com/,官网,官方,URL一致
两站都收录,网易我的世界,https://mc.163.com/,网易我的世界,https://mc.163.com/,官网,官方,URL一致
两站都收录,Amulate 世界编辑器,https://www.amuletmc.com/,Amulet 世界编辑器,https://www.amuletmc.com/,实用软件、工具类,软件,URL一致
两站都收录,Blockbench,https://www.blockbench.net/,Blockbench,https://www.blockbench.net/,实用软件、工具类,软件,URL一致
两站都收录,BlueMap,https://bluemap.bluecolored.de/,BlueMap,https://bluemap.bluecolored.de/,实用软件、工具类,软件,URL一致
两站都收录,Chunker,https://chunker.app/,Chunker,https://chunker.app/,实用软件、工具类,软件,URL一致
两站都收录,Chunky 地图渲染器,https://chunky.lemaik.de/,Chunky 地图渲染器,https://chunky.lemaik.de/,实用软件、工具类,软件,URL一致
两站都收录,Eaglercraft.ir 网页版MC,https://eaglercraft.ir/zh/,Eaglercraft.ir 网页版MC,https://eaglercraft.ir/zh/,实用软件、工具类,软件,URL一致
两站都收录,HAL 联机工具,https://hal.xizh.cn,HAL 联机工具,https://hal.xizh.cn,实用软件、工具类,软件,URL一致
两站都收录,Hamachi,https://hamachi.en.softonic.com/,Hamachi,https://hamachi.en.softonic.com/,实用软件、工具类,软件,URL一致
两站都收录,Iris Shaders 开源光影模组,https://irisshaders.dev/,Iris Shaders,https://irisshaders.dev/,实用软件、工具类,软件,URL一致
两站都收录,MCEdit,https://www.mcedit.net/,MCEdit,https://www.mcedit.net/,实用软件、工具类,软件,URL一致
两站都收录,MCSTools,https://docs.mcschematic.top/zh/,MCSTools,https://docs.mcschematic.top/zh/,实用软件、工具类,软件,URL一致
两站都收录,MCreator,https://mcreator.net/,MCreator,https://mcreator.net/,实用软件、工具类,软件,URL一致
两站都收录,Mine-imator,https://www.mineimator.com/,Mine-imator,https://www.mineimator.com/,实用软件、工具类,软件,URL一致
两站都收录,MineBackup &#8211; 存档时光机,https://github.com/Leafuke/MineBackup,MineBackup,https://github.com/Leafuke/MineBackup,实用软件、工具类,软件,URL一致
两站都收录,Minecraft Server Launcher,https://www.mslmc.cn/,Minecraft Server Launcher,https://www.mslmc.cn/,实用软件、工具类,软件,URL一致
两站都收录,Minecraft 命令行客户端,https://mccteam.github.io/l10n/zh-Hans/,Minecraft 命令行客户端,https://mccteam.github.io/l10n/zh-Hans/,实用软件、工具类,软件,URL一致
两站都收录,Mod Manager,https://github.com/kaniol-lck/modmanager,Mod Manager,https://github.com/kaniol-lck/modmanager,实用软件、工具类,软件,URL一致
两站都收录,NatGo 端口映射,https://www.natgo.cn/,NatGo 端口映射,https://www.natgo.cn/,实用软件、工具类,软件,URL一致
两站都收录,OPENNBS,https://opennbs.org/,OPENNBS,https://opennbs.org/,实用软件、工具类,软件,URL一致
两站都收录,OpenFrp 开放映射,https://www.openfrp.net,OpenFrp,https://www.openfrp.net/,实用软件、工具类,软件,URL一致
两站都收录,OptFine,https://optifine.net/,OptiFine,https://optifine.net/,实用软件、工具类,软件,URL一致
两站都收录,Radmin LAN,https://www.radmin.com/,Radmin LAN,https://www.radmin.com/,实用软件、工具类,软件,URL一致
两站都收录,Replay Mod 录像回放,https://www.replaymod.com/,Replay Mod 录像回放,https://www.replaymod.com/,实用软件、工具类,软件,URL一致
两站都收录,Sakura Frp,https://www.natfrp.com/,Sakura Frp,https://www.natfrp.com/,实用软件、工具类,软件,URL一致
两站都收录,Universal Minecraft Tool,https://www.universalminecraftconverter.com/,Universal Minecraft Tool,https://www.universalminecraftconverter.com/,实用软件、工具类,软件,URL一致
两站都收录,WorldPainter,https://www.worldpainter.net/,WorldPainter,https://www.worldpainter.net/,实用软件、工具类,软件,URL一致
两站都收录,China Foxgirl Protection,https://cfpa.site,China Foxgirl Protection,https://cfpa.site,工作室,工作室,URL一致
两站都收录,Feed The Beast,https://www.feed-the-beast.com/,Feed The Beast,https://www.feed-the-beast.com/,工作室,工作室,URL一致
两站都收录,Hielke Maps,https://hielkemaps.com/,Hielke Maps,https://hielkemaps.com/,工作室,工作室,URL一致
两站都收录,McShare,https://www.mcshare.net/,McShare,https://www.mcshare.net/,工作室,工作室,URL一致
两站都收录,Minecraft University Alliance,https://www.mualliance.cn/,Minecraft University Alliance,https://www.mualliance.cn/,工作室,工作室,URL一致
两站都收录,Mineprogramming,https://mineprogramming.org/about/,Mineprogramming,https://mineprogramming.org/about/,工作室,工作室,URL一致
两站都收录,国家建筑师 Cthuwork,https://weibo.com/Cthuwork,国家建筑师 Cthuwork,https://weibo.com/Cthuwork,工作室,工作室,URL一致
两站都收录,新式创筑,https://innovacreation.art/,新式创筑,https://innovacreation.art/,工作室,工作室,URL一致
两站都收录,星屹（CTN）工作室,https://www.ctnstudios.top,星屹（CTN）工作室,https://www.ctnstudios.top,工作室,工作室,URL一致
两站都收录,联壁计划,https://barrierslink.cn,联壁计划,https://barrierslink.cn,工作室,工作室,URL一致
两站都收录,CubeCraft,https://www.cubecraft.net/,CubeCraft,https://www.cubecraft.net/,服务器（暂停受理）,服务器,URL一致
两站都收录,Easyarea,https://www.easyareamc.net/,Easyarea,https://www.easyareamc.net/,服务器（暂停受理）,服务器,URL一致
两站都收录,FillAmeaPixel,https://www.fapixel.com,FillAmeaPixel,https://www.fapixel.com,服务器（暂停受理）,服务器,URL一致
两站都收录,Hypixel,https://hypixel.net/,Hypixel,https://hypixel.net/,服务器（暂停受理）,服务器,URL一致
两站都收录,IMC.RE | OnlineMC,http://ws.imc.re/,IMC.RE | OnlineMC,https://ws.imc.re/,服务器（暂停受理）,服务器,URL一致
两站都收录,KFS服务器,https://hello.mckfs.com,KFS服务器,https://hello.mckfs.com,服务器（暂停受理）,服务器,URL一致
两站都收录,LifeBoat,https://lbsg.net/,LifeBoat,https://lbsg.net/,服务器（暂停受理）,服务器,URL一致
两站都收录,Losenone,https://www.losenone.cn/zh/,Losenone,https://www.losenone.cn/zh/,服务器（暂停受理）,服务器,URL一致
两站都收录,SMGoro Server,http://imc.re/,SMGoro Server,https://imc.re/,服务器（暂停受理）,服务器,URL一致
两站都收录,The Hive,https://hivemc.com/,The Hive,https://hivemc.com/,服务器（暂停受理）,服务器,URL一致
两站都收录,我的世界找服网,https://www.fansmc.com/,我的世界找服网,https://www.fansmc.com/,服务器（暂停受理）,服务器,URL一致
两站都收录,Bukkit,https://bukkit.org/,Bukkit,https://bukkit.org/,服务端,服务端,URL一致
两站都收录,Cuberite,https://cuberite.org/,Cuberite,https://cuberite.org/,服务端,服务端,URL一致
两站都收录,Fabric,https://fabricmc.net/,Fabric,https://fabricmc.net/,服务端,服务端,URL一致
两站都收录,Forge社区,https://forums.minecraftforge.net/,Forge社区,https://forums.minecraftforge.net/,服务端,服务端,URL一致
两站都收录,Leaf,https://www.leafmc.one/zh/,Leaf,https://www.leafmc.one/zh/,服务端,服务端,URL一致
两站都收录,Leaves,https://leavesmc.org/,Leaves,https://leavesmc.org/,服务端,服务端,URL一致
两站都收录,LeviLamina,https://levilamina.liteldev.com/,LeviLamina,https://levilamina.liteldev.com/,服务端,服务端,URL一致
两站都收录,LiteLoader,http://www.liteloader.com/,LiteLoader,https://www.liteloader.com/,服务端,服务端,URL一致
两站都收录,MohistMC,https://mohistmc.com/,MohistMC,https://mohistmc.com/,服务端,服务端,URL一致
两站都收录,NeoForged,https://neoforged.net/,NeoForged,https://neoforged.net/,服务端,服务端,URL一致
两站都收录,Nukkit,https://cloudburstmc.org/articles/,Nukkit,https://cloudburstmc.org/articles/,服务端,服务端,URL一致
两站都收录,PMMP,https://pmmp.io/,PMMP,https://pmmp.io/,服务端,服务端,URL一致
两站都收录,PaperMC,https://papermc.io/,PaperMC,https://papermc.io/,服务端,服务端,URL一致
两站都收录,Pufferfish,https://pufferfish.host/downloads,Pufferfish,https://pufferfish.host/downloads,服务端,服务端,URL一致
两站都收录,Purpur,https://purpurmc.org/,Purpur,https://purpurmc.org/,服务端,服务端,URL一致
两站都收录,QuiltMC,https://quiltmc.org/,Quilt,https://quiltmc.org/,服务端,服务端,URL一致
两站都收录,Spigot,https://www.spigotmc.org/,Spigot,https://www.spigotmc.org/,服务端,服务端,URL一致
两站都收录,SpongePowered,https://www.spongepowered.org/,SpongePowered,https://www.spongepowered.org/,服务端,服务端,URL一致
两站都收录,Bedrock Wiki,https://wiki.bedrock.dev/,Bedrock Wiki,https://wiki.bedrock.dev/,百科,百科,URL一致
两站都收录,MCBE 官方创作者文档,https://learn.microsoft.com/minecraft/creator/?view=minecraft-bedrock-stable,MCBE 官方创作者文档,https://learn.microsoft.com/minecraft/creator/?view=minecraft-bedrock-stable,百科,百科,URL一致
两站都收录,MCID,http://mcid.lingningyu.cn/,MCID,https://mcid.lingningyu.cn/,百科,百科,URL一致
两站都收录,MCMOD,https://www.mcmod.cn/,MCMOD 百科,https://www.mcmod.cn/,百科,百科,URL一致
两站都收录,MC都市传说百科,https://minecraftcreepypasta.fandom.com/wiki/Category:Browse,MC都市传说百科,https://minecraftcreepypasta.fandom.com/wiki/Category:Browse,百科,百科,URL一致
两站都收录,Minecraft Parkour Wiki,https://www.mcpk.wiki/wiki/Main_Page/zh,Minecraft Parkour Wiki,https://www.mcpk.wiki/wiki/Main_Page/zh,百科,百科,URL一致
两站都收录,Minecraft Wiki,https://zh.minecraft.wiki/,Minecraft Wiki 中文,https://zh.minecraft.wiki/,百科,百科,URL一致
两站都收录,Minecraft插件百科,https://mineplugin.org/,Minecraft插件百科,https://mineplugin.org/,百科,百科,URL一致
两站都收录,NitWikit 笨蛋文档,https://nitwikit.8aka.org,NitWikit 笨蛋文档,https://nitwikit.8aka.org,百科,百科,URL一致
两站都收录,基岩版开发Wiki,https://wiki.mcbe-dev.net/,基岩版开发Wiki,https://wiki.mcbe-dev.net/,百科,百科,URL一致
两站都收录,我的世界玩家WIKI,https://wiki.biligame.com/mcplayer/,我的世界玩家WIKI,https://wiki.biligame.com/mcplayer/,百科,百科,URL一致
两站都收录,MineBBS,https://www.minebbs.com/,MineBBS,https://www.minebbs.com/,社区,社区,URL一致
两站都收录,Minecraft Forum,https://www.minecraftforum.net/,Minecraft Forum,https://www.minecraftforum.net/,社区,社区,URL一致
两站都收录,Minecraft-HK,https://www.minecraft-hk.com/,Minecraft-HK,https://www.minecraft-hk.com/,社区,社区,URL一致
两站都收录,Minecraft吧,https://tieba.baidu.com/minecraft,Minecraft吧,https://tieba.baidu.com/minecraft,社区,社区,URL一致
两站都收录,我的世界教育版中文论坛,https://www.mceebbs.com,我的世界教育版中文论坛,https://www.mceebbs.com,社区,社区,URL一致
两站都收录,苦力怕论坛 KLPBBS,https://klpbbs.com/,苦力怕论坛 KLPBBS,https://klpbbs.com/,社区,社区,URL一致
两站都收录,9Minecraft,https://www.9minecraft.net/,9Minecraft,https://www.9minecraft.net/,资源,资源,URL一致
两站都收录,AXDA 插件平台,https://axda.net/,AXDA 插件平台,https://axda.net/,资源,资源,URL一致
两站都收录,AtomResource,https://res.nullatom.com/,AtomResource,https://res.nullatom.com/,资源,资源,URL一致
两站都收录,BBSMC,https://bbsmc.net,BBSMC,https://bbsmc.net,资源,资源,URL一致
两站都收录,Block Models,https://blockmodels.com/,Block Models,https://blockmodels.com/,资源,资源,URL一致
两站都收录,CurseForge,https://www.curseforge.com/minecraft/,CurseForge,https://www.curseforge.com/minecraft,资源,资源,URL一致
两站都收录,For-Minecraft,https://for-minecraft.com/,For-Minecraft,https://for-minecraft.com/,资源,资源,URL一致
两站都收录,Geyser 间歇泉,https://geysermc.org/,Geyser 间歇泉,https://geysermc.org/,资源,资源,URL一致
两站都收录,Github-Minecraft 话题,https://github.com/topics/minecraft,Github-Minecraft 话题,https://github.com/topics/minecraft,资源,资源,URL一致
两站都收录,Luna HD,https://www.lunahd.com,Luna HD,https://www.lunahd.com,资源,资源,URL一致
两站都收录,MCModels,https://mcmodels.net/,MCModels,https://mcmodels.net/,资源,资源,URL一致
两站都收录,MCPE-Planet,https://mcpe-planet.com/,MCPE-Planet,https://mcpe-planet.com/,资源,资源,URL一致
两站都收录,MCPEDL,https://mcpedl.com/,MCPEDL,https://mcpedl.com/,资源,资源,URL一致
两站都收录,MCVersions,https://mcversions.net/,MCVersions,https://mcversions.net/,资源,资源,URL一致
两站都收录,MGC 中文图形站,https://minegraph.cn/,MGC中文图形站,https://minegraph.cn/,资源,资源,URL一致
两站都收录,MGC中文图形站,https://minegraph.cn/,MGC中文图形站,https://minegraph.cn/,资源,资源,URL一致
两站都收录,Minecraft Maps,https://www.minecraftmaps.com/,Minecraft Maps,https://www.minecraftmaps.com/,资源,资源,URL一致
两站都收录,Minecraft Polska,https://minecraft.org.pl/,Minecraft Polska,https://minecraft.org.pl/,资源,资源,URL一致
两站都收录,Minecraft Schematics,https://www.minecraft-schematics.com/,MC Schematics,https://www.minecraft-schematics.com/,资源,资源,URL一致
两站都收录,Minecraft for Windows 版本库,https://www.mcappx.com,Minecraft for Windows 版本库,https://www.mcappx.com,资源,资源,URL一致
两站都收录,MinecraftCapes,https://minecraftcapes.net/,MinecraftCapes,https://minecraftcapes.net/,资源,资源,URL一致
两站都收录,MinecraftYard,https://www.minecraftyard.com/,MinecraftYard,https://www.minecraftyard.com/,资源,资源,URL一致
两站都收录,Minecraft中文下载站,https://oss.minecraftxz.com/,Minecraft中文下载站,https://oss.minecraftxz.com/,资源,资源,URL一致
两站都收录,Modpack Index,https://www.modpackindex.com/,Modpack Index,https://www.modpackindex.com/,资源,资源,URL一致
两站都收录,Modrinth,https://modrinth.com,Modrinth,https://modrinth.com/,资源,资源,URL一致
两站都收录,PVPRP,https://pvprp.com/,PVPRP,https://pvprp.com/,资源,资源,URL一致
两站都收录,Planet Minecraft,https://www.planetminecraft.com/,Planet Minecraft,https://www.planetminecraft.com/,资源,资源,URL一致
两站都收录,RedenMC,https://redenmc.com/,RedenMC,https://redenmc.com/,资源,资源,URL一致
两站都收录,Redstone Games,https://www.redstonegames.com.br/,Redstone Games,https://www.redstonegames.com.br/,资源,资源,URL一致
两站都收录,Resource-Packs,https://www.resource-packs.com/,Resource-Packs,https://www.resource-packs.com/,资源,资源,URL一致
两站都收录,ResourcePack,https://resourcepack.net/,ResourcePack,https://resourcepack.net/,资源,资源,URL一致
两站都收录,Resourcepacks24,https://resourcepacks24.de/,Resourcepacks24,https://resourcepacks24.de/,资源,资源,URL一致
两站都收录,Shader Packs,https://shadersmods.com/category/shaderpacks/,Shader Packs,https://shadersmods.com/category/shaderpacks/,资源,资源,URL一致
两站都收录,TITAIKE,https://www.titaike.cn,TITAIKE,https://www.titaike.cn,资源,资源,URL一致
两站都收录,Texture Packs,https://texture-packs.com/,Texture Packs,https://texture-packs.com/,资源,资源,URL一致
两站都收录,像素茶艺地图站,https://pixelmap.minegraph.cn,像素茶艺地图站,https://pixelmap.minegraph.cn,资源,资源,URL一致
两站都收录,公共蓝图库,https://www.mcschematic.top/,公共蓝图库,https://www.mcschematic.top/,资源,资源,URL一致
两站都收录,我的世界下载站,https://www.9minecraft.cn/,我的世界下载站,https://www.9minecraft.cn/,资源,资源,URL一致
两站都收录,我的世界中文站,https://www.minecraftzw.com/,我的世界中文站,https://www.minecraftzw.com/,资源,资源,URL一致
两站都收录,投影工坊,https://www.mcimg.com/,投影工坊,https://www.mcimg.com/,资源,资源,URL一致
两站都收录,MCSManager,http://mcsmanager.com/,MCSManager,https://mcsmanager.com/,面板、工具类,面板,URL一致
两站都收录,Multicraft,https://multicraft.org/,Multicraft,https://www.multicraft.org/,面板、工具类,面板,URL一致
两站都收录,Pterodactyl,https://pterodactyl.io/,Pterodactyl,https://pterodactyl.io/,面板、工具类,面板,URL一致
疑似重合,DigMinecraft,https://www.digminecraft.com/,命令文档参考,https://www.digminecraft.com/lists/command_list_pc.php,百科,百科,同域名不同路径
疑似重合,Bedrock Dedicated Server,https://www.minecraft.net/download/server/bedrock,Bedrock Dedicated Server,https://www.minecraft.net/en-us/download/server/bedrock,服务端,服务端,同域名不同路径
疑似重合,ChunkBase,https://www.chunkbase.com/apps/,ChunkBase,https://www.chunkbase.com/,在线工具、工具类,工具,同域名不同路径
疑似重合,LittleSkin,https://littleskin.cn/?ref=mcnav,LittleSkin,https://littleskin.cn/,在线工具、工具类,工具,同域名不同路径
疑似重合,MCSkinn Legacy,https://apps.microsoft.com/detail/9n8sjt329hh1?hl=zh-cn&gl=CN,MCSkinn Legacy,https://apps.microsoft.com/detail/9n8sjt329hh1,实用软件、工具类,软件,同域名不同路径
疑似重合,HMCL,https://github.com/huanghongxun/HMCL,HMCL,https://hmcl.huangyuhui.net/,启动器、工具类,启动器,名称相似1.0
疑似重合,Serein,https://serein.cc/,Serein,https://sereindev.github.io/,面板、工具类,面板,名称相似1.0
疑似重合,The RedPixel Team,https://theredpixelteam.com/,The RedPixel Team,https://redpixel.io/,工作室,工作室,名称相似1.0
仅MCNav,BMCL,https://www.mcbbs.net/thread-137254-1-1.html,,,启动器、工具类,,bangbang93's minecraft launcher
仅MCNav,HML启动器,https://hml.xizh.cn/,,,启动器、工具类,,"(HML启动器)是一个版本高速下载,自带联机等多功能我的世界启动器。"
仅MCNav,PCL2 &#8211; Plain Craft Launcher 2 启动器,https://afdian.net/p/e5c821a4b1ab11eb879b52540025c377,,,启动器、工具类,,下载极快的启动器
仅MCNav,燕子启动器,https://yzgzs.top/yzqdq,,,启动器、工具类,,一款专注我的世界的游戏启动器
仅MCNav,2M短域名,https://2m.pub,,,在线工具、工具类,,公益、免费、简单的Minecraft短域名获取工具
仅MCNav,MapartCraft,https://rebane2001.com/mapartcraft/zh-Hans,,,在线工具、工具类,,像素画生成器
仅MCNav,Minecraft Search,https://minecraftsearch.com,,,在线工具、工具类,,一个拥有各种功能的MC检索网站！
仅MCNav,PocketMine Tools,https://pmt.nathfreder.dev/,,,在线工具、工具类,,支持打包解包、API注入、Poggit检索等各种各样PM功能！
仅MCNav,TDoGMC 皮肤编辑器,https://studio.tdogmc.cn/,,,在线工具、工具类,,致力于提供高效专业的皮肤创作体验
仅MCNav,flags.sh,http://flags.sh.cn,,,在线工具、工具类,,Java 版服务器生成启动脚本
仅MCNav,sandclocks,https://www.sandclocks.cn,,,在线工具、工具类,,一个自制数据包的网站
仅MCNav,史莱姆区块查找,https://mclt.cn/,,,在线工具、工具类,,还在为找不到史莱姆区块烦恼？这个网站为你解决问题!
仅MCNav,方块字标志牌生成器,https://kqakqakqa.github.io/utf-block-sign-art/,,,在线工具、工具类,,为告示牌文字生成较大的字体
仅MCNav,红河素材下载站,https://honghemc.cn/,,,在线工具、工具类,,Minecraft各种素材下载！
仅MCNav,Chunkoid,https://dozenesstudio.github.io/Chunkoid/,,,实用软件、工具类,,首个安卓端世界转换器
仅MCNav,Panda Frp,https://tryzth.com/,,,实用软件、工具类,,免费的Frp内网穿透
仅MCNav,ServerPackCreator,https://serverpackcreator.de/#/,,,实用软件、工具类,,快速轻松地生成您最喜欢的 Minecraft 整合包的服务器包
仅MCNav,World Machine 进阶3D地形生成器,https://www.so.com/link?m=uVqcDLS1jSNNX6kQYJg%2Bmn4l9xrFTkbCd82Xb3LVqE6Hr9K1X1JnqJ1%2F8PJFZ2pu8ODGr6MQ1%2BlvxIwMrJ4maI0kqK8Pp4B3X%2BbL8Omv0WC9sOgv0NZBTL1NhtyhAS1glSYrzoNSQj9wCzd7R,,,实用软件、工具类,,进阶版Minecraft地形编辑器
仅MCNav,BaLaLaBa工作室,https://balalaba.net/,,,工作室,,Minecraft我的世界组件开发团队
仅MCNav,GNwork,https://space.bilibili.com/403097853/?spm_id_from=333.999.0.0,,,工作室,,体素创意团队 整活我们不一定是最专业的，但绝对是认真的！
仅MCNav,TIS团队,https://space.bilibili.com/388405501,,,工作室,,一个佛系但热爱的MC资源团队
仅MCNav,上古之石,https://space.bilibili.com/9088251,,,工作室,,专注于创作3D动态材质、建筑、皮肤和玩法的工作室
仅MCNav,史诗工坊 EpicWork,https://space.bilibili.com/328513,,,工作室,,我的世界知名建筑团队
仅MCNav,太学 Taixue,https://space.bilibili.com/476720255,,,工作室,,古建筑知识科普组织太学，探寻文化传承的更多可能
仅MCNav,心火计划,https://hfpro.top,,,工作室,,一个关于 Minecraft 的计划
仅MCNav,林氏创艺,https://www.linscraft.design/,,,工作室,,以梦幻作品闻名的建筑团队
仅MCNav,狸莓 CivetBerry,https://civetberry.cc/,,,工作室,,Minecraft 服务器内容开发工作组
仅MCNav,阿尔萨斯工业,https://www.alsace.team,,,工作室,,我们的团队成员不仅仅是建筑师，更是创造者和梦想家
仅MCNav,SoTap,https://sotap.org/,,,服务器（暂停受理）,,优秀的正版服务器
仅MCNav,花雨庭,http://www.mchyt.com/,,,服务器（暂停受理）,,我的世界知名小游戏服
仅MCNav,PowerNukkit,https://powernukkit.org/,,,服务端,,Nukkit分支服务端
仅MCNav,AquaSource &#8211; 甘泉,https://mc.mcscode.com,,,资源,,Minecraft版本库、联机软件、社区资源网页端
仅MCNav,BolckMinecraft,https://www.blockminecraft.com/,,,资源,,MCJE资源分享网站
仅MCNav,MC唱片集,https://mccd.xflink.top/,,,资源,,点击唱片探索Minecraft的音乐世界
仅MCNav,MC藏宝阁,https://mcbank.charhoo.cn,,,资源,,b站up开发的资源网站
仅MCNav,Minecraft Shaders,https://minecraftshader.com/,,,资源,,是一个海外着色器评论、教程、更新和下载站点
仅MCNav,Minecraft 版本库,https://mcarc.gitee.io,,,资源,,Minecraft 基岩版全版本下载站
仅MCNav,红石中继站,https://www.mczwlt.net,,,资源,,一个简洁轻快的Minecraft资源社区
仅MCNav,EMSLuncher,https://www.easilymc.fun/,,,面板、工具类,,简单易用的 Minecraft 服务器启动器
仅MCNav,MSLX 开服器,https://mslx.mslmc.cn,,,面板、工具类,,新一款MC开服面板，开服超简单，管理超方便！
仅OhMyMC,,,Minecraft Feedback,https://feedback.minecraft.net/,,官方,官方反馈站，提建议与查看路线图。
仅OhMyMC,,,Minecraft Wiki,https://minecraft.wiki/,,百科,英文版本，更新最快、英文术语对照。
仅OhMyMC,,,Mojang 官方文档,https://help.minecraft.net/,,百科,版本变更日志、原版机制说明。
仅OhMyMC,,,红石科技百科,https://www.minecraft-redstone.com/,,百科,红石机器、机制与配方的中文索引。
仅OhMyMC,,,r/Minecraft,https://www.reddit.com/r/Minecraft/,,社区,Reddit 主板，每日热门作品与资讯流。
仅OhMyMC,,,PCL2,https://afdian.com/a/LTCat,,启动器,国产 Visual Basic 启动器，新手友好、UI 精致。
仅OhMyMC,,,Minecraft Forge,https://files.minecraftforge.net/,,服务端,老牌模组 API，模组生态最庞大。
仅OhMyMC,,,Minehut,https://minehut.com/,,服务器,免费云服务器托管平台，开服一键部署。
仅OhMyMC,,,皮肤编辑器,https://www.minecraftskins.com/skin-editor/,,工具,在线编辑 MC 皮肤，无需软件。
仅OhMyMC,,,Eaglercraft,https://eaglercraft.com/,,工具,浏览器里直接跑的 1.8 联机版。
